{
  "dataset": {
    "feature_file": "hts10k_features.npz",
    "n": 500,
    "n_features": 48,
    "eject_fraction": 0.222,
    "feature_names": [
      "H_min",
      "H_max",
      "H_mean",
      "H_std",
      "H_median",
      "H_range",
      "H_final",
      "H_initial",
      "H_slope",
      "H_curvature",
      "H_below_frac",
      "H_crossings",
      "H_first_breach_frac",
      "H_last_breach_frac",
      "dH_min",
      "dH_max",
      "dH_mean",
      "dH_std",
      "abs_dH_mean",
      "abs_dH_max",
      "d2H_min",
      "d2H_max",
      "d2H_mean",
      "d2H_std",
      "abs_d2H_mean",
      "abs_d2H_max",
      "psi_mean",
      "psi_max",
      "psi_std",
      "psi_final",
      "E01_std",
      "E02_std",
      "E12_std",
      "E_exchange",
      "E_exchange_norm",
      "E01_slope",
      "E02_slope",
      "E12_slope",
      "E_slope_norm",
      "Omega_min",
      "Omega_max",
      "Omega_mean",
      "Omega_std",
      "Omega_slope",
      "Omega_final",
      "H_entropy",
      "Omega_entropy",
      "H_autocorr_lag5"
    ]
  },
  "repeated_splits": {
    "n_splits": 10,
    "seeds": [
      1000,
      1001,
      1002,
      1003,
      1004,
      1005,
      1006,
      1007,
      1008,
      1009
    ],
    "rows": [
      {
        "accuracy": 0.96,
        "precision_eject": 0.8857142857142857,
        "recall_eject": 0.9393939393939394,
        "f1_eject": 0.9117647058823529,
        "specificity_stable": 0.9658119658119658,
        "tn": 113,
        "fp": 4,
        "fn": 2,
        "tp": 31,
        "auc": 0.9937839937839938,
        "split_seed": 1000
      },
      {
        "accuracy": 0.9733333333333334,
        "precision_eject": 0.9393939393939394,
        "recall_eject": 0.9393939393939394,
        "f1_eject": 0.9393939393939394,
        "specificity_stable": 0.9829059829059829,
        "tn": 115,
        "fp": 2,
        "fn": 2,
        "tp": 31,
        "auc": 0.9981869981869982,
        "split_seed": 1001
      },
      {
        "accuracy": 0.9666666666666667,
        "precision_eject": 0.9375,
        "recall_eject": 0.9090909090909091,
        "f1_eject": 0.9230769230769231,
        "specificity_stable": 0.9829059829059829,
        "tn": 115,
        "fp": 2,
        "fn": 3,
        "tp": 30,
        "auc": 0.9961149961149961,
        "split_seed": 1002
      },
      {
        "accuracy": 0.96,
        "precision_eject": 1.0,
        "recall_eject": 0.8181818181818182,
        "f1_eject": 0.9,
        "specificity_stable": 1.0,
        "tn": 117,
        "fp": 0,
        "fn": 6,
        "tp": 27,
        "auc": 0.9961149961149961,
        "split_seed": 1003
      },
      {
        "accuracy": 0.98,
        "precision_eject": 0.9166666666666666,
        "recall_eject": 1.0,
        "f1_eject": 0.9565217391304348,
        "specificity_stable": 0.9743589743589743,
        "tn": 114,
        "fp": 3,
        "fn": 0,
        "tp": 33,
        "auc": 0.9994819994819996,
        "split_seed": 1004
      },
      {
        "accuracy": 0.9533333333333334,
        "precision_eject": 0.8823529411764706,
        "recall_eject": 0.9090909090909091,
        "f1_eject": 0.8955223880597015,
        "specificity_stable": 0.9658119658119658,
        "tn": 113,
        "fp": 4,
        "fn": 3,
        "tp": 30,
        "auc": 0.9950789950789951,
        "split_seed": 1005
      },
      {
        "accuracy": 0.9733333333333334,
        "precision_eject": 0.8918918918918919,
        "recall_eject": 1.0,
        "f1_eject": 0.9428571428571428,
        "specificity_stable": 0.9658119658119658,
        "tn": 113,
        "fp": 4,
        "fn": 0,
        "tp": 33,
        "auc": 0.9950789950789951,
        "split_seed": 1006
      },
      {
        "accuracy": 0.9466666666666667,
        "precision_eject": 0.8787878787878788,
        "recall_eject": 0.8787878787878788,
        "f1_eject": 0.8787878787878788,
        "specificity_stable": 0.9658119658119658,
        "tn": 113,
        "fp": 4,
        "fn": 4,
        "tp": 29,
        "auc": 0.9888629888629888,
        "split_seed": 1007
      },
      {
        "accuracy": 0.96,
        "precision_eject": 0.8461538461538461,
        "recall_eject": 1.0,
        "f1_eject": 0.9166666666666666,
        "specificity_stable": 0.9487179487179487,
        "tn": 111,
        "fp": 6,
        "fn": 0,
        "tp": 33,
        "auc": 0.9971509971509972,
        "split_seed": 1008
      },
      {
        "accuracy": 0.94,
        "precision_eject": 0.8,
        "recall_eject": 0.9696969696969697,
        "f1_eject": 0.8767123287671232,
        "specificity_stable": 0.9316239316239316,
        "tn": 109,
        "fp": 8,
        "fn": 1,
        "tp": 32,
        "auc": 0.9901579901579902,
        "split_seed": 1009
      }
    ],
    "summary": {
      "accuracy": {
        "mean": 0.9613333333333334,
        "std": 0.012491972731160192,
        "min": 0.94,
        "max": 0.98
      },
      "auc": {
        "mean": 0.9950012950012951,
        "std": 0.003332626558655373,
        "min": 0.9888629888629888,
        "max": 0.9994819994819996
      },
      "precision_eject": {
        "mean": 0.897846144978498,
        "std": 0.05489396185113317,
        "min": 0.8,
        "max": 1.0
      },
      "recall_eject": {
        "mean": 0.9363636363636363,
        "std": 0.05967295146562395,
        "min": 0.8181818181818182,
        "max": 1.0
      },
      "f1_eject": {
        "mean": 0.9141303712622163,
        "std": 0.026972618660266918,
        "min": 0.8767123287671232,
        "max": 0.9565217391304348
      },
      "specificity_stable": {
        "mean": 0.9683760683760685,
        "std": 0.01891960993263132,
        "min": 0.9316239316239316,
        "max": 1.0
      }
    }
  },
  "hmin_baseline_repeated_splits": {
    "rows": [
      {
        "split_seed": 1000,
        "threshold": 2.725,
        "accuracy": 0.8733333333333333,
        "precision_eject": 0.6842105263157895,
        "recall_eject": 0.7878787878787878,
        "f1_eject": 0.7323943661971831,
        "specificity_stable": 0.8974358974358975,
        "tn": 105,
        "fp": 12,
        "fn": 7,
        "tp": 26
      },
      {
        "split_seed": 1001,
        "threshold": 2.725,
        "accuracy": 0.88,
        "precision_eject": 0.7027027027027027,
        "recall_eject": 0.7878787878787878,
        "f1_eject": 0.7428571428571429,
        "specificity_stable": 0.905982905982906,
        "tn": 106,
        "fp": 11,
        "fn": 7,
        "tp": 26
      },
      {
        "split_seed": 1002,
        "threshold": 2.575,
        "accuracy": 0.86,
        "precision_eject": 0.7307692307692307,
        "recall_eject": 0.5757575757575758,
        "f1_eject": 0.6440677966101694,
        "specificity_stable": 0.9401709401709402,
        "tn": 110,
        "fp": 7,
        "fn": 14,
        "tp": 19
      },
      {
        "split_seed": 1003,
        "threshold": 2.675,
        "accuracy": 0.8066666666666666,
        "precision_eject": 0.5666666666666667,
        "recall_eject": 0.5151515151515151,
        "f1_eject": 0.5396825396825397,
        "specificity_stable": 0.8888888888888888,
        "tn": 104,
        "fp": 13,
        "fn": 16,
        "tp": 17
      },
      {
        "split_seed": 1004,
        "threshold": 2.725,
        "accuracy": 0.8533333333333334,
        "precision_eject": 0.6571428571428571,
        "recall_eject": 0.696969696969697,
        "f1_eject": 0.6764705882352942,
        "specificity_stable": 0.8974358974358975,
        "tn": 105,
        "fp": 12,
        "fn": 10,
        "tp": 23
      },
      {
        "split_seed": 1005,
        "threshold": 2.575,
        "accuracy": 0.8466666666666667,
        "precision_eject": 0.6785714285714286,
        "recall_eject": 0.5757575757575758,
        "f1_eject": 0.6229508196721312,
        "specificity_stable": 0.9230769230769231,
        "tn": 108,
        "fp": 9,
        "fn": 14,